"Nom de la vérification","Type de vérification","Description","Etape","Conséquence","Desc. Conséquence"
"Symmétrie des amortisseurs","Visuel","Prendre du recul, et vérifier que l'avion est bien symmétrique, et que l'avion ne penche ni à gauche, ni à droite","Arrivé","Pas d'exemple",""
"Retirer la fourche de traquetage","Mouvement","Enlever la barre attacher au carrénage du train avant","Arrivé","Oui","La barre se fait attraper par l'hélice et endommage l'hélice, ou bien est catapulter dans un autre avion, hangar, personnel autour. Provoquant dégats ou blessure/mort"
"Enlever les caches Pito","Mouvement","Retirer les caches Pito (mesure la pression dynamique)","Arrivé","Oui","Les données de vitesse seront fausses, provoquant un décrochage, sur-vitesse ou sous-vitesse. "
"Purger son avion","Visuel, Mouvement","Vérifier la présence d'eau dans le réservoir, grâce à un gobelet. Trouver l'intérrupteur sous le siège pilote, passager, ou à l'avant. Introduire le gobelet, sous-tirer un liquide, et l'examiner: il y aura du carburant, et peut-etre de l'eau. Celle-ci est plus lourde et sera donc au fond du gobelet","Arrivé","Oui","Le carburant ne sera plus pur, et donc des anomalies au décollage et en vol, comme la perte de vitesse, ou le moteur qui toussote/calle. En cas de présence d'eau, secouer l'avion afin que le carburant touche toute les parois du réservoir. Ensuite purger l'avion jusqu'a ce qu'il n'y a plus signe d'eau lors de la purge"
"Vérifier les gouvernes","Mouvement","Bouger les gouvernes et voir qu'elle bouge librement","Cockpit","Pas d'exemple",""
"Vérifier le plancher","Visuel","Vérfier la présence ou non de corps qui bloquerai les palonniers lors du pilotage","Cockpit","Pas d'exemple",""
"Vérifier la roulette de trim","Mouvement","Bouger la roulette et voir qu'elle bouge librement","Cockpit","Pas d'exemple",""
"Mise en route batterie","Bouton","Mise en route de la batterie","Cockpit","Pas d'exemple",""
"Jauge à carburant","Jauge","Vérfier si le bon niveau de carburant est présent par rapport au vol à réaliser","Cockpit","Pas d'exemple",""
"Mise en route de la pompe électrique","Bouton","Mise en route de la pompe","Cockpit","Pas d'exemple",""
"Jauge à pression d'essence","Jauge","Vérfier si la pression est bonne","Cockpit","Pas d'exemple",""
"Allumer feu de roulage","Lumière, Bouton","Appuyer sur le bon bouton","Cockpit","Pas d'exemple",""
"Allumer feu d'attérissage","Lumière, Bouton","Appuyer sur le bon bouton","Cockpit","Pas d'exemple",""
"Allumer feu anticolision","Lumière, Bouton","Appuyer sur le bon bouton","Cockpit","Pas d'exemple",""
"Allumer feu navigation","Lumière, Bouton","Appuyer sur le bon bouton","Cockpit","Pas d'exemple",""
"Vérfier le feu anticolision","Lumière","Le feu émet un flash","Cockpit","Pas d'exemple",""
"Vérfier le feu arriére","Lumière","Le feu est blanc","Cockpit","Pas d'exemple",""
"Vérifier le feu aile droite","Lumière","Le feu est vert","Cockpit","Pas d'exemple",""
"Vérifier l'alarme de décrochage","Mouvement, Son","Petite laquette en métal sous l'aile droite, qui emet un Bip sonore d'alarme lorsqu'on appuie dessus","Cockpit","Pas d'exemple",""
"Vérifier le feu de décollage et d'attérissage","Lumière","Le feu est sur l'aile gauche, lumière blanche","Cockpit","Pas d'exemple",""
"Vérifier le feu aile gauche","Lumière","Le feu est rouge","Cockpit","Pas d'exemple",""
"Eteindre tout ce qui est pompe, feu, et batterie","Mouvement","Fin de la visite cockpit","Cockpit","Pas d'exemple",""
"Vérifier le réservoir de carburant","Visuel, Mouvement","Déviser le bouchon de carburant, et vérifier que l'arrivé n'est pas obstrué","Extérieur","Pas d'exemple",""
"Vérification de la prise Statique gauche","Mouvement","Enlever la flamme de la prise statique, ou tout autre chose qui pourrait être sur cette prise","Extérieur","Oui","Des données incorrectes sur les jauges du cockpit, nottament concernant l'altitude"
"Vérifier les antennes","Visuel, Mouvement","Avec un leger toucher, vérifier qu'elles soient bien connecté et qu'elles ne soient pas endommagés","Extérieur","Oui","Vous n'aurez pas de radio navigation, pas de contact au sol, pas de signal pour votre balise"
"Vérifier la gouverne de profondeur, de gauche","Mouvement","Voir que le bord d'attaque n'a pas d'impact. Et basculer la gouverne afin de voir que les commandes répondent correctement (vers le haut et bas)","Extérieur","Oui","Vous ne pourrez pas gérer l'inclinaison de l'appareil, le tangage."
"Vérifier la trim","Visuel","Voir que lors de l'inclinaison de la gouverne, la trim suit le mouvement légérement.NE PAS TOUCHER","Extérieur","Oui","Neutraliser les forces nuisible qui pourrait s'appliquer sur la gouverne de pilotage, nottament lors des décollage ou attérissage."
"Vérifier la gouverne de dérive","Mouvement","Mettre les deux mains à plat sur la gouverne, et la bouger de droite à gauche","Extérieur","Oui","Vous ne pourrez pas utiliser les palomiers, et l'avion n'effectuera pas de lacet. Provoque un vol asymétrique."
"Vérifier la gouverne de profondeur, de droite","Mouvement","Voir que le bord d'attaque n'a pas d'impact. Et basculer la gouverne afin de voir que les commandes répondent correctement (vers le haut et bas)","Extérieur","Oui","Vous ne pourrez pas gérer l'inclinaison de l'appareil, le tangage."
"Vérification de la prise Statique droite","Mouvement","Enlever la flamme de la prise statique, ou tout autre chose qui pourrait être sur cette prise","Extérieur","Oui","Des données incorrectes sur les jauges du cockpit, nottament concernant l'altitude"
"Vérifier les volets de l'aile droite","Visuel, Mouvement","Léger jeu sur le volet, et vérifier les fixation","Extérieur","Oui","Permet de gérer les performances en fonction de la vitesse, nottament améliorer la maniabilité"
"Vérifier les ailerons de l'aile droite","Mouvement","Voir les coussinets  qui empeche un choc entre l'aile et l'aileron, les mécanismes soient graissé, et que le cables sous l'aile est bien connecté. Lors de la manipulation la gouverne réponds et le mouvement se fait librement","Extérieur","Oui","Permet d'incliner l'avion vers la droite ou gauche, et d'effectuer les virages"
"Vérifier le saumon droit","Visuel","Pas d'impact, qu'il soit lisse","Extérieur","Pas d'exemple",""
"Vérifier le bord d'attaque de l'aile droite","Visuel","Pas d'impact, pas d'insecte, qu'il soit lisse","Extérieur","Oui","Perte d'aérodynamise, et donc de performance"
"Vérifier l'avertisseur de décrochage","Mouvement","Qu'il peut être movible, qu'on puisse appuier dessus","Extérieur","Oui","Préviens du danger de décrochage de l'avion"
"Vérfier le carrénage aérodynamique droit","Visuel","Qu'il soit propre, pas présence d'impact","Extérieur","Pas d'exemple",""
"Vérifier l'huile dans le moteur","Visuel, Mouvement","Voir la tirette d'huile afin qu'il y ait de l'huile en suffissance","Extérieur","Oui","Permet la lubrification, et aide au refroidissement du moteur"
"Vérifier le capuchon d'acces à l'huile moteur","Mouvement, Son","Qu'il se ferme correctement et émet un clique une fois vérouillé","Extérieur","Pas d'exemple",""
"Vérifier l'hélice","Visuel","Qu'il n'y ait pas trace d'impact sur les lames de l'hélice, et que le cones soit lisse","Extérieur","Pas d'exemple",""
"Vérifier la courroie","Visuel, Mouvement","Qu'elle soit suffissament tendue","Extérieur","Pas d'exemple",""
"Vérifier la prise d'air moteur","Visuel","Qu'il n'y ait pas de corps étranger","Extérieur","Pas d'exemple",""
"Vérifier la vérrière","Visuel","Qu'elle soit propre et en bon état","Extérieur","Pas d'exemple",""
"Vérifier le carrénage aérodynamique avant","Visuel","Qu'il soit propre, pas présence d'impact","Extérieur","Pas d'exemple",""
"Vérifier le pot d'échappement","Visuel, Mouvement","Qu'il soit présent, et qu'il ne bouge pas","Extérieur","Pas d'exemple",""
"Vérifier le bord d'attaque de l'aile gauche","Visuel","Qu'il soit propre, pas présence d'impact","Extérieur","Pas d'exemple",""
"Vérifier la prise dynamique gauche","Visuel","Vérifier que la flamme sur la prise pito est bien enlever","Extérieur","Pas d'exemple",""
"Vérifier le carrénage aérodynamique gauche","Visuel","Qu'il soit propre, pas présence d'impact","Extérieur","Pas d'exemple",""
"Vérifier le saumon gauche","Visuel","Pas d'impact, qu'il soit lisse","Extérieur","Pas d'exemple",""
"Vérifier les ailerons de l'aile gauche","Mouvement","Voir les coussinets  qui empeche un choc entre l'aile et l'aileron, les mécanismes soient graissé, et que le cables sous l'aile est bien connecté. Lors de la manipulation la gouverne réponds et le mouvement se fait librement","Extérieur","Oui","Permet d'incliner l'avion vers la droite ou gauche, et d'effectuer les virages"
"Vérifier les volets de l'aile gauche","Visuel, Mouvement","Léger jeu sur le volet, et vérifier les fixation","Extérieur","Oui","Permet de gérer les performances en fonction de la vitesse, nottament améliorer la maniabilité"